State,2018 Overall Homeless,2018 Under 18,2018 Age 18 to 24,2018 Over 24,2018 Female,2018 Male,2018 Transgender,2018 NonConforming,2018 NonHispanic_NonLatino,2018 Hispanic_Latino,2018 White,2018 Black or African American,2018 Asian,2018 American Indian or Alaska Native,2018 Native Hawaiian or Other Pacific Islander,2018 Multiple Races,2017 Overall Homeless,2017 Under 18,2017 Age 18 to 24,2017 Over 24,2017 Female,2017 Male,2017 Transgender,2017 NonConforming,2017 NonHispanic_NonLatino,2017 Hispanic_Latino,2017 White,2017 Black or African American,2017 Asian,2017 American Indian or Alaska Native,2017 Native Hawaiian or Other Pacific Islander,2017 Multiple Races,2016 Overall Homeless,"Overall Homeless - Under 18, 2016",2016 Age 18 to 24,2016 Over 24,2016 Female,2016 Male,2016 Transgender,2016 NonHispanic_NonLatino,2016 Hispanic_Latino,2016 White,2016 Black or African American,2016 Asian,2016 American Indian or Alaska Native,2016 Native Hawaiian or Other Pacific Islander,2016 Multiple Races,2015 Overall Homeless,2015 Under 18,2015 Age 18 to 24,2015 Over 24,2015 Female,2015 Male,2015 Transgender,2015 NonHispanic_NonLatino,2015 Hispanic_Latino,2015 White,2015 Black or African American,2015 Asian,2015 American Indian or Alaska Native,2015 Native Hawaiian or Other Pacific Islander,2015 Multiple Races
AK,2016.0,349.0,191.0,1476.0,880.0,1129.0,7.0,0.0,1914.0,102.0,683.0,156.0,39.0,878.0,76.0,184.0,1845.0,305.0,186.0,1354.0,765.0,1075.0,4.0,1.0,1743.0,102.0,641.0,147.0,20.0,770.0,69.0,198.0,1940.0,274.0,173.0,1493.0,808.0,1127.0,5.0,1797.0,143.0,739.0,147.0,44.0,786.0,53.0,171.0,1956.0,411.0,197.0,1348.0,773.0,1181.0,2.0,1862.0,94.0,745.0,144.0,18.0,883.0,62.0,104.0
AL,3434.0,573.0,157.0,2704.0,1399.0,2025.0,9.0,1.0,3340.0,94.0,1664.0,1604.0,6.0,23.0,5.0,132.0,3793.0,528.0,300.0,2965.0,1314.0,2453.0,21.0,5.0,3721.0,72.0,1587.0,2064.0,9.0,21.0,1.0,111.0,4111.0,681.0,304.0,3126.0,1733.0,2366.0,12.0,4027.0,84.0,1714.0,2251.0,4.0,49.0,8.0,85.0,3970.0,716.0,271.0,2983.0,1532.0,2427.0,11.0,3901.0,69.0,1813.0,2090.0,5.0,19.0,1.0,42.0
AR,2712.0,309.0,213.0,2190.0,1113.0,1593.0,5.0,1.0,2632.0,80.0,1647.0,916.0,12.0,36.0,4.0,97.0,2467.0,265.0,209.0,1993.0,965.0,1499.0,3.0,0.0,2405.0,62.0,1447.0,892.0,9.0,24.0,7.0,88.0,2463.0,432.0,197.0,1834.0,1047.0,1415.0,1.0,2377.0,86.0,1451.0,894.0,10.0,21.0,8.0,79.0,2560.0,417.0,243.0,1900.0,978.0,1582.0,0.0,2143.0,417.0,1543.0,903.0,7.0,32.0,29.0,46.0
AZ,9865.0,1680.0,780.0,7405.0,3460.0,6354.0,34.0,17.0,7590.0,2275.0,6494.0,1906.0,53.0,836.0,57.0,519.0,8947.0,1607.0,660.0,6680.0,3331.0,5592.0,22.0,2.0,6876.0,2071.0,6086.0,1611.0,51.0,704.0,46.0,449.0,9707.0,2022.0,733.0,6952.0,3685.0,6005.0,17.0,7342.0,2365.0,6562.0,1792.0,53.0,809.0,67.0,424.0,9896.0,2124.0,824.0,6948.0,3966.0,5916.0,14.0,7516.0,2380.0,6697.0,1761.0,57.0,849.0,57.0,475.0
CA,129972.0,13936.0,12678.0,103358.0,42491.0,85810.0,1252.0,419.0,88525.0,41447.0,72956.0,37770.0,2338.0,5391.0,1552.0,9965.0,131532.0,14207.0,13276.0,104049.0,42750.0,87609.0,793.0,380.0,90040.0,41492.0,68784.0,42282.0,2490.0,5663.0,1459.0,10854.0,118142.0,12828.0,12160.0,93154.0,39175.0,78121.0,846.0,85437.0,32705.0,67669.0,32434.0,1836.0,4179.0,1284.0,10740.0,115738.0,13657.0,11645.0,90436.0,38676.0,76545.0,517.0,84183.0,31555.0,64340.0,32262.0,2146.0,4762.0,1225.0,11003.0
CO,10857.0,1887.0,808.0,8162.0,3880.0,6926.0,28.0,23.0,8020.0,2837.0,7814.0,1566.0,77.0,487.0,94.0,819.0,10940.0,2164.0,913.0,7863.0,4014.0,6866.0,37.0,23.0,8142.0,2798.0,7778.0,1788.0,51.0,546.0,45.0,732.0,10550.0,2327.0,983.0,7240.0,4103.0,6393.0,54.0,7603.0,2947.0,7239.0,1882.0,78.0,527.0,61.0,763.0,9953.0,2528.0,808.0,6617.0,3923.0,6012.0,18.0,7006.0,2947.0,6638.0,1948.0,90.0,477.0,34.0,766.0
CT,3976.0,967.0,254.0,2755.0,1659.0,2310.0,7.0,0.0,2615.0,1361.0,2156.0,1482.0,17.0,92.0,16.0,213.0,3388.0,736.0,259.0,2393.0,1313.0,2054.0,8.0,13.0,2415.0,973.0,1752.0,1343.0,34.0,22.0,43.0,194.0,3902.0,831.0,203.0,2868.0,1458.0,2440.0,4.0,2796.0,1106.0,2095.0,1535.0,32.0,54.0,73.0,113.0,4047.0,827.0,234.0,2986.0,1505.0,2535.0,7.0,2923.0,1124.0,2164.0,1570.0,38.0,50.0,124.0,101.0
DC,6904.0,1933.0,639.0,4332.0,2960.0,3903.0,33.0,8.0,6577.0,327.0,478.0,6286.0,39.0,40.0,15.0,46.0,7473.0,2286.0,682.0,4505.0,3226.0,4209.0,36.0,2.0,6979.0,494.0,481.0,6712.0,40.0,25.0,21.0,194.0,8350.0,2732.0,920.0,4698.0,3802.0,4512.0,36.0,7916.0,434.0,439.0,7689.0,35.0,38.0,16.0,133.0,7298.0,2056.0,736.0,4506.0,3087.0,4198.0,13.0,6914.0,384.0,443.0,6595.0,62.0,28.0,12.0,158.0
DE,1082.0,227.0,78.0,777.0,490.0,591.0,0.0,1.0,1012.0,70.0,406.0,616.0,6.0,12.0,2.0,40.0,994.0,240.0,69.0,685.0,431.0,562.0,1.0,0.0,912.0,82.0,398.0,544.0,4.0,1.0,5.0,42.0,1070.0,196.0,69.0,805.0,411.0,658.0,1.0,1011.0,59.0,406.0,617.0,1.0,1.0,3.0,42.0,953.0,227.0,81.0,645.0,400.0,553.0,0.0,899.0,54.0,369.0,513.0,3.0,11.0,3.0,54.0
FL,31030.0,5871.0,2371.0,22788.0,11092.0,19799.0,74.0,65.0,26694.0,4336.0,17743.0,11809.0,116.0,248.0,113.0,1001.0,32190.0,5624.0,2599.0,23967.0,11311.0,20721.0,78.0,80.0,27442.0,4748.0,18593.0,11954.0,122.0,278.0,109.0,1134.0,33559.0,6140.0,2238.0,25181.0,11789.0,21740.0,30.0,28855.0,4704.0,19369.0,12594.0,116.0,294.0,73.0,1113.0,35900.0,6539.0,2451.0,26910.0,12719.0,23122.0,59.0,30912.0,4988.0,20921.0,13165.0,122.0,376.0,112.0,1204.0
GA,9499.0,1673.0,610.0,7216.0,3742.0,5719.0,33.0,5.0,9200.0,299.0,2804.0,6281.0,22.0,73.0,25.0,294.0,10174.0,1646.0,697.0,7831.0,3878.0,6239.0,53.0,4.0,9752.0,422.0,2805.0,6902.0,37.0,73.0,19.0,338.0,12909.0,2237.0,907.0,9765.0,4507.0,8376.0,26.0,12266.0,643.0,3822.0,8571.0,54.0,64.0,51.0,347.0,13790.0,2500.0,812.0,10478.0,4878.0,8882.0,30.0,13089.0,701.0,4307.0,8955.0,40.0,30.0,51.0,407.0
HI,6530.0,1366.0,370.0,4794.0,2673.0,3827.0,23.0,7.0,5558.0,972.0,1527.0,214.0,579.0,80.0,2250.0,1880.0,7220.0,1575.0,497.0,5148.0,2951.0,4241.0,23.0,5.0,6255.0,965.0,1594.0,255.0,656.0,106.0,2901.0,1708.0,7921.0,1941.0,531.0,5449.0,3243.0,4641.0,37.0,6989.0,932.0,1820.0,269.0,396.0,114.0,3374.0,1948.0,7620.0,1918.0,531.0,5171.0,3174.0,4426.0,20.0,6679.0,941.0,1852.0,263.0,477.0,95.0,2978.0,1955.0
IA,2749.0,684.0,282.0,1783.0,1136.0,1606.0,6.0,1.0,2511.0,238.0,1753.0,713.0,14.0,90.0,10.0,169.0,2756.0,829.0,240.0,1687.0,1186.0,1565.0,4.0,1.0,2551.0,205.0,1654.0,795.0,19.0,74.0,13.0,201.0,3064.0,1013.0,285.0,1766.0,1403.0,1659.0,2.0,2766.0,298.0,1869.0,898.0,18.0,73.0,5.0,201.0,3081.0,1030.0,318.0,1733.0,1409.0,1668.0,4.0,2833.0,248.0,1972.0,803.0,16.0,68.0,17.0,205.0
ID,2012.0,438.0,157.0,1417.0,813.0,1197.0,2.0,0.0,1702.0,310.0,1675.0,57.0,7.0,103.0,22.0,148.0,2037.0,443.0,153.0,1441.0,809.0,1221.0,6.0,1.0,1769.0,268.0,1795.0,75.0,17.0,60.0,15.0,75.0,2247.0,578.0,195.0,1474.0,966.0,1278.0,3.0,1976.0,271.0,1928.0,76.0,9.0,133.0,23.0,78.0,1966.0,484.0,160.0,1322.0,840.0,1123.0,3.0,1729.0,237.0,1733.0,69.0,11.0,109.0,16.0,28.0
IL,10643.0,2505.0,958.0,7180.0,4376.0,6226.0,27.0,14.0,9468.0,1175.0,3854.0,6234.0,80.0,78.0,32.0,365.0,10798.0,2455.0,1106.0,7237.0,4391.0,6372.0,31.0,4.0,9739.0,1059.0,3916.0,6375.0,78.0,68.0,20.0,341.0,11590.0,2892.0,1130.0,7568.0,4746.0,6813.0,31.0,10341.0,1249.0,4214.0,6858.0,123.0,54.0,18.0,323.0,13177.0,3187.0,1349.0,8641.0,5291.0,7866.0,20.0,11378.0,1799.0,4690.0,7798.0,100.0,53.0,20.0,516.0
IN,5258.0,981.0,332.0,3945.0,2138.0,3103.0,15.0,2.0,5026.0,232.0,3212.0,1839.0,30.0,34.0,16.0,127.0,5438.0,1177.0,355.0,3906.0,2204.0,3226.0,8.0,0.0,5205.0,233.0,3283.0,1877.0,30.0,44.0,20.0,184.0,5798.0,1319.0,448.0,4031.0,2414.0,3375.0,9.0,5577.0,221.0,3587.0,1911.0,24.0,41.0,17.0,218.0,5863.0,1261.0,492.0,4110.0,2359.0,3497.0,7.0,5647.0,216.0,3496.0,2085.0,17.0,44.0,16.0,205.0
KS,2067.0,471.0,157.0,1439.0,795.0,1262.0,2.0,8.0,1823.0,244.0,1340.0,438.0,12.0,86.0,17.0,174.0,2098.0,521.0,118.0,1459.0,862.0,1234.0,1.0,1.0,1783.0,315.0,1436.0,405.0,10.0,98.0,11.0,138.0,2008.0,570.0,95.0,1343.0,900.0,1107.0,1.0,1796.0,212.0,1423.0,360.0,13.0,63.0,2.0,147.0,2348.0,637.0,157.0,1554.0,1034.0,1311.0,3.0,2095.0,253.0,1573.0,505.0,12.0,103.0,8.0,147.0
KY,3688.0,616.0,248.0,2824.0,1402.0,2274.0,9.0,3.0,3546.0,142.0,2616.0,835.0,12.0,20.0,4.0,201.0,4025.0,616.0,331.0,3078.0,1509.0,2507.0,9.0,0.0,3917.0,108.0,2829.0,1009.0,18.0,18.0,2.0,149.0,4237.0,787.0,330.0,3120.0,1575.0,2656.0,6.0,4068.0,169.0,2895.0,1103.0,3.0,30.0,18.0,188.0,4538.0,861.0,352.0,3325.0,1706.0,2823.0,9.0,4403.0,135.0,3088.0,1193.0,7.0,38.0,15.0,197.0
LA,3059.0,371.0,219.0,2469.0,901.0,2142.0,12.0,4.0,2973.0,86.0,1233.0,1726.0,13.0,24.0,8.0,55.0,3305.0,527.0,238.0,2540.0,1054.0,2233.0,14.0,4.0,3203.0,102.0,1267.0,1921.0,12.0,28.0,11.0,66.0,3994.0,608.0,405.0,2981.0,1337.0,2648.0,9.0,3813.0,181.0,1482.0,2319.0,12.0,30.0,10.0,141.0,4081.0,581.0,443.0,3057.0,1373.0,2694.0,14.0,3982.0,99.0,1536.0,2395.0,21.0,50.0,14.0,65.0
MA,20068.0,7660.0,1674.0,10734.0,10001.0,10014.0,40.0,13.0,11936.0,8132.0,11813.0,6265.0,158.0,84.0,64.0,1684.0,17565.0,6465.0,1510.0,9590.0,8558.0,8975.0,26.0,6.0,11034.0,6531.0,10006.0,5830.0,173.0,82.0,80.0,1394.0,19608.0,7764.0,1492.0,10352.0,9446.0,10145.0,17.0,12660.0,6948.0,11029.0,6154.0,129.0,80.0,83.0,2133.0,21135.0,8583.0,2047.0,10505.0,10602.0,10528.0,5.0,13720.0,7415.0,11922.0,7175.0,206.0,100.0,144.0,1588.0
MD,7144.0,1399.0,397.0,5348.0,2643.0,4476.0,23.0,2.0,6756.0,388.0,2602.0,4166.0,41.0,51.0,24.0,260.0,7247.0,1370.0,422.0,5455.0,2727.0,4505.0,12.0,3.0,6842.0,405.0,2479.0,4341.0,40.0,54.0,22.0,311.0,7689.0,1705.0,463.0,5521.0,2922.0,4760.0,7.0,6970.0,719.0,2688.0,4620.0,34.0,55.0,19.0,273.0,8390.0,1908.0,664.0,5818.0,3245.0,5139.0,6.0,7887.0,503.0,3016.0,4920.0,58.0,53.0,36.0,307.0
ME,2516.0,654.0,184.0,1678.0,1174.0,1329.0,9.0,4.0,2406.0,110.0,2041.0,293.0,8.0,35.0,0.0,139.0,2280.0,590.0,191.0,1499.0,1038.0,1226.0,12.0,4.0,2192.0,88.0,1853.0,284.0,11.0,38.0,10.0,84.0,2241.0,580.0,201.0,1460.0,1007.0,1231.0,3.0,2171.0,70.0,1872.0,237.0,9.0,42.0,5.0,76.0,2372.0,637.0,245.0,1490.0,1145.0,1218.0,9.0,2297.0,75.0,2036.0,213.0,6.0,25.0,8.0,84.0
MI,8351.0,2173.0,749.0,5429.0,3498.0,4841.0,10.0,2.0,7877.0,474.0,3775.0,3980.0,27.0,102.0,14.0,453.0,9051.0,2340.0,782.0,5929.0,3723.0,5314.0,13.0,1.0,8554.0,497.0,3826.0,4693.0,22.0,112.0,5.0,393.0,9316.0,2381.0,956.0,5979.0,3854.0,5446.0,16.0,8792.0,524.0,4112.0,4637.0,31.0,89.0,33.0,414.0,10516.0,2686.0,1224.0,6606.0,4309.0,6203.0,4.0,9986.0,530.0,4612.0,5343.0,29.0,79.0,22.0,431.0
MN,7243.0,2254.0,890.0,4099.0,3278.0,3941.0,15.0,9.0,6695.0,548.0,2698.0,3141.0,114.0,699.0,49.0,542.0,7668.0,2590.0,1103.0,3975.0,3617.0,4029.0,17.0,5.0,7104.0,564.0,2685.0,3296.0,110.0,1018.0,16.0,543.0,7341.0,2563.0,934.0,3844.0,3481.0,3841.0,19.0,6663.0,678.0,2780.0,3306.0,82.0,709.0,72.0,392.0,7546.0,2607.0,993.0,3946.0,3693.0,3826.0,27.0,6937.0,609.0,2641.0,3466.0,117.0,663.0,29.0,630.0
MO,6032.0,1438.0,611.0,3983.0,2645.0,3371.0,14.0,2.0,5758.0,274.0,3196.0,2415.0,15.0,87.0,14.0,305.0,6226.0,1569.0,663.0,3994.0,2861.0,3338.0,18.0,9.0,5916.0,310.0,3141.0,2645.0,23.0,80.0,11.0,326.0,6441.0,1745.0,634.0,4062.0,2956.0,3479.0,6.0,6155.0,286.0,3539.0,2465.0,28.0,110.0,18.0,281.0,6722.0,1971.0,696.0,4055.0,3149.0,3572.0,1.0,6454.0,268.0,3641.0,2699.0,21.0,46.0,26.0,289.0
MS,1352.0,206.0,109.0,1037.0,502.0,829.0,20.0,1.0,1309.0,43.0,610.0,663.0,12.0,9.0,5.0,53.0,1472.0,252.0,60.0,1160.0,573.0,891.0,1.0,7.0,1461.0,11.0,611.0,811.0,4.0,29.0,0.0,17.0,1738.0,266.0,114.0,1358.0,712.0,1014.0,12.0,1718.0,20.0,647.0,1054.0,7.0,22.0,3.0,5.0,1983.0,340.0,105.0,1538.0,761.0,1222.0,0.0,1962.0,21.0,577.0,1372.0,2.0,10.0,14.0,8.0
MT,1405.0,247.0,151.0,1007.0,559.0,837.0,4.0,5.0,1305.0,100.0,956.0,38.0,2.0,238.0,8.0,163.0,1529.0,340.0,124.0,1065.0,624.0,898.0,4.0,3.0,1408.0,121.0,992.0,33.0,4.0,354.0,9.0,137.0,1418.0,350.0,123.0,945.0,599.0,818.0,1.0,1306.0,112.0,877.0,25.0,1.0,366.0,6.0,143.0,1709.0,374.0,225.0,1110.0,711.0,996.0,2.0,1579.0,130.0,1281.0,38.0,0.0,321.0,5.0,64.0
NC,9268.0,1762.0,647.0,6859.0,3516.0,5728.0,19.0,5.0,8791.0,477.0,3971.0,4801.0,41.0,122.0,31.0,302.0,8962.0,1883.0,571.0,6508.0,3567.0,5380.0,9.0,6.0,8444.0,518.0,3745.0,4553.0,37.0,190.0,17.0,420.0,9559.0,1994.0,650.0,6915.0,3774.0,5773.0,12.0,9127.0,432.0,3974.0,5072.0,31.0,145.0,15.0,322.0,10685.0,2295.0,841.0,7549.0,4185.0,6487.0,13.0,10147.0,538.0,4494.0,5711.0,57.0,173.0,17.0,233.0
ND,542.0,61.0,61.0,420.0,218.0,323.0,1.0,0.0,445.0,97.0,344.0,76.0,2.0,74.0,12.0,34.0,1089.0,178.0,84.0,827.0,272.0,811.0,2.0,4.0,1046.0,43.0,367.0,127.0,6.0,226.0,0.0,363.0,923.0,154.0,86.0,683.0,331.0,590.0,2.0,844.0,79.0,510.0,129.0,5.0,218.0,1.0,60.0,1305.0,265.0,152.0,888.0,456.0,843.0,6.0,1215.0,90.0,774.0,232.0,16.0,184.0,5.0,94.0
NE,2421.0,419.0,196.0,1806.0,936.0,1484.0,1.0,0.0,2111.0,310.0,1585.0,599.0,20.0,85.0,6.0,126.0,2501.0,501.0,225.0,1775.0,918.0,1580.0,3.0,0.0,2237.0,264.0,1664.0,579.0,20.0,122.0,4.0,112.0,2754.0,590.0,258.0,1906.0,980.0,1771.0,3.0,2392.0,362.0,1858.0,570.0,11.0,67.0,6.0,242.0,2744.0,635.0,292.0,1817.0,1012.0,1722.0,10.0,2347.0,397.0,1831.0,586.0,25.0,119.0,16.0,167.0
NH,1450.0,362.0,125.0,963.0,624.0,823.0,1.0,2.0,1342.0,108.0,1232.0,91.0,18.0,5.0,2.0,102.0,1456.0,389.0,126.0,941.0,646.0,805.0,3.0,2.0,1320.0,136.0,1266.0,77.0,11.0,5.0,0.0,97.0,1366.0,321.0,139.0,906.0,601.0,762.0,3.0,1247.0,119.0,1183.0,94.0,2.0,3.0,2.0,82.0,1445.0,382.0,142.0,921.0,616.0,826.0,3.0,1325.0,120.0,1312.0,64.0,6.0,2.0,1.0,60.0
NJ,9398.0,2093.0,808.0,6497.0,3904.0,5466.0,24.0,4.0,7457.0,1941.0,3936.0,5021.0,86.0,71.0,59.0,225.0,8536.0,1945.0,761.0,5830.0,3442.0,5074.0,17.0,3.0,6750.0,1786.0,3526.0,4621.0,75.0,96.0,38.0,180.0,8895.0,2086.0,850.0,5959.0,3738.0,5148.0,9.0,7099.0,1796.0,3835.0,4682.0,56.0,79.0,53.0,190.0,10098.0,2404.0,1074.0,6620.0,4156.0,5930.0,12.0,8279.0,1819.0,4336.0,5562.0,97.0,23.0,34.0,46.0
NM,2551.0,437.0,146.0,1968.0,895.0,1618.0,19.0,19.0,1464.0,1087.0,1495.0,200.0,14.0,690.0,13.0,139.0,2482.0,471.0,130.0,1881.0,897.0,1545.0,19.0,21.0,1446.0,1036.0,1513.0,142.0,10.0,651.0,9.0,157.0,2263.0,529.0,210.0,1524.0,848.0,1404.0,11.0,1386.0,877.0,1273.0,181.0,18.0,576.0,16.0,199.0,2629.0,701.0,205.0,1723.0,1086.0,1537.0,6.0,1517.0,1112.0,1728.0,213.0,12.0,587.0,17.0,72.0
NV,7544.0,519.0,1235.0,5790.0,2257.0,5246.0,36.0,5.0,6684.0,860.0,4498.0,2284.0,160.0,182.0,108.0,312.0,7833.0,608.0,1936.0,5289.0,2273.0,5536.0,23.0,1.0,6770.0,1063.0,4610.0,2326.0,182.0,225.0,75.0,415.0,7398.0,639.0,1424.0,5335.0,1851.0,5541.0,6.0,6448.0,950.0,4329.0,2196.0,189.0,167.0,132.0,385.0,8743.0,1395.0,1573.0,5775.0,2837.0,5901.0,5.0,7329.0,1414.0,4605.0,3213.0,235.0,187.0,73.0,430.0
NY,91897.0,30009.0,8761.0,53127.0,43694.0,47850.0,341.0,12.0,60858.0,31039.0,21811.0,64622.0,1040.0,461.0,885.0,3078.0,89503.0,30098.0,9111.0,50294.0,42528.0,46643.0,321.0,11.0,60095.0,29408.0,19894.0,61463.0,1056.0,729.0,1191.0,5170.0,86352.0,30122.0,8816.0,47414.0,41147.0,44980.0,225.0,47224.0,39128.0,19365.0,55779.0,945.0,659.0,1208.0,8396.0,88250.0,31005.0,8944.0,48301.0,41697.0,46412.0,141.0,60227.0,28023.0,21705.0,60103.0,879.0,822.0,1368.0,3373.0
OH,10249.0,2141.0,899.0,7209.0,4129.0,6090.0,22.0,8.0,9742.0,507.0,5092.0,4601.0,37.0,69.0,20.0,430.0,10095.0,2234.0,858.0,7003.0,3998.0,6067.0,23.0,7.0,9720.0,375.0,4933.0,4562.0,26.0,49.0,23.0,502.0,10404.0,2229.0,944.0,7231.0,4046.0,6337.0,21.0,10071.0,333.0,5176.0,4632.0,38.0,50.0,9.0,499.0,11182.0,2241.0,1082.0,7859.0,4349.0,6817.0,16.0,10799.0,383.0,5532.0,5084.0,35.0,59.0,18.0,454.0
OK,3871.0,637.0,327.0,2907.0,1399.0,2467.0,2.0,3.0,3606.0,265.0,2414.0,735.0,16.0,450.0,18.0,238.0,4199.0,867.0,378.0,2954.0,1702.0,2485.0,10.0,2.0,3892.0,307.0,2594.0,767.0,8.0,577.0,17.0,236.0,4107.0,764.0,427.0,2916.0,1615.0,2490.0,2.0,3893.0,214.0,2504.0,880.0,25.0,539.0,7.0,152.0,3777.0,691.0,467.0,2619.0,1535.0,2237.0,5.0,3528.0,249.0,2458.0,732.0,7.0,411.0,11.0,158.0
OR,14476.0,2185.0,1165.0,11126.0,5659.0,8690.0,79.0,48.0,13008.0,1468.0,11799.0,793.0,78.0,688.0,188.0,930.0,13953.0,2636.0,1160.0,10157.0,5493.0,8368.0,67.0,25.0,12444.0,1509.0,11326.0,832.0,79.0,588.0,175.0,953.0,13238.0,2566.0,1188.0,9484.0,5286.0,7893.0,59.0,11820.0,1418.0,10733.0,839.0,85.0,559.0,146.0,876.0,13226.0,2545.0,1228.0,9453.0,5197.0,7977.0,52.0,11681.0,1545.0,10704.0,847.0,133.0,599.0,164.0,779.0
PA,13512.0,3472.0,1055.0,8985.0,5594.0,7870.0,36.0,12.0,11858.0,1654.0,5781.0,7016.0,87.0,73.0,48.0,507.0,14138.0,3755.0,1260.0,9123.0,5999.0,8063.0,66.0,10.0,12696.0,1442.0,5864.0,7450.0,77.0,47.0,39.0,661.0,15339.0,4342.0,1488.0,9509.0,6593.0,8708.0,38.0,13662.0,1677.0,6647.0,7899.0,63.0,61.0,27.0,642.0,15421.0,4312.0,1592.0,9517.0,6844.0,8553.0,24.0,13301.0,2120.0,6486.0,8202.0,77.0,77.0,32.0,547.0
PR,3182.0,143.0,150.0,2889.0,679.0,2494.0,6.0,3.0,66.0,3116.0,1454.0,601.0,2.0,10.0,9.0,1106.0,3525.0,218.0,199.0,3108.0,841.0,2676.0,5.0,3.0,77.0,3448.0,1612.0,633.0,2.0,17.0,11.0,1250.0,4418.0,377.0,228.0,3813.0,1227.0,3178.0,13.0,118.0,4300.0,1909.0,738.0,4.0,51.0,14.0,1702.0,4518.0,363.0,248.0,3907.0,1237.0,3266.0,15.0,151.0,4367.0,1894.0,717.0,1.0,50.0,17.0,1839.0
RI,1101.0,206.0,73.0,822.0,420.0,677.0,4.0,0.0,833.0,268.0,662.0,289.0,14.0,19.0,1.0,116.0,1180.0,236.0,78.0,866.0,430.0,743.0,7.0,0.0,917.0,263.0,762.0,309.0,8.0,16.0,3.0,82.0,1160.0,195.0,89.0,876.0,421.0,738.0,1.0,924.0,236.0,767.0,291.0,15.0,17.0,3.0,67.0,1111.0,252.0,89.0,770.0,418.0,691.0,2.0,831.0,280.0,765.0,287.0,4.0,7.0,2.0,46.0
SC,3933.0,510.0,281.0,3142.0,1432.0,2494.0,4.0,3.0,3792.0,141.0,1736.0,2016.0,11.0,33.0,7.0,130.0,3916.0,642.0,227.0,3047.0,1451.0,2453.0,10.0,2.0,3828.0,88.0,1532.0,2205.0,8.0,32.0,4.0,135.0,5051.0,820.0,325.0,3906.0,1791.0,3257.0,3.0,4924.0,127.0,2159.0,2626.0,21.0,28.0,17.0,200.0,5354.0,782.0,301.0,4271.0,1970.0,3384.0,0.0,5216.0,138.0,2253.0,2926.0,11.0,43.0,19.0,102.0
SD,1159.0,218.0,77.0,864.0,424.0,735.0,0.0,0.0,1074.0,85.0,327.0,79.0,2.0,658.0,0.0,93.0,943.0,215.0,62.0,666.0,412.0,529.0,2.0,0.0,901.0,42.0,310.0,44.0,3.0,563.0,8.0,15.0,1072.0,329.0,128.0,615.0,456.0,616.0,0.0,1026.0,46.0,322.0,72.0,2.0,624.0,5.0,47.0,1036.0,266.0,139.0,631.0,373.0,662.0,1.0,1020.0,16.0,403.0,87.0,3.0,524.0,3.0,16.0
TN,7883.0,1108.0,533.0,6242.0,2822.0,5041.0,13.0,7.0,7624.0,259.0,4601.0,3007.0,19.0,58.0,12.0,186.0,8309.0,1364.0,543.0,6402.0,3256.0,5043.0,7.0,3.0,8092.0,217.0,4775.0,3205.0,34.0,61.0,6.0,228.0,8779.0,1298.0,543.0,6938.0,3060.0,5700.0,19.0,8541.0,238.0,5140.0,3363.0,23.0,47.0,15.0,191.0,9123.0,1625.0,836.0,6662.0,3636.0,5467.0,20.0,8931.0,192.0,5370.0,3488.0,22.0,66.0,24.0,153.0
TX,25310.0,4101.0,1671.0,19538.0,9468.0,15761.0,48.0,33.0,18163.0,7147.0,14363.0,9664.0,181.0,315.0,60.0,727.0,23548.0,4286.0,1750.0,17512.0,8861.0,14546.0,47.0,94.0,16942.0,6606.0,13076.0,8928.0,253.0,325.0,68.0,898.0,23122.0,4615.0,1596.0,16911.0,9334.0,13739.0,49.0,17180.0,5942.0,12795.0,8143.0,233.0,843.0,79.0,1029.0,23678.0,4529.0,1712.0,17437.0,9038.0,14575.0,65.0,16750.0,6928.0,13713.0,8603.0,145.0,424.0,104.0,689.0
UT,2876.0,621.0,243.0,2012.0,1145.0,1711.0,16.0,4.0,2260.0,616.0,2209.0,277.0,28.0,143.0,72.0,147.0,2852.0,637.0,203.0,2012.0,1083.0,1762.0,7.0,0.0,2210.0,642.0,2202.0,282.0,27.0,159.0,47.0,135.0,2807.0,638.0,179.0,1990.0,1043.0,1757.0,7.0,2223.0,584.0,2239.0,242.0,29.0,147.0,32.0,118.0,3025.0,764.0,199.0,2062.0,1176.0,1842.0,7.0,2365.0,660.0,2359.0,311.0,35.0,128.0,74.0,118.0
VA,5975.0,1284.0,416.0,4275.0,2339.0,3626.0,6.0,4.0,5482.0,493.0,2399.0,3113.0,79.0,47.0,17.0,320.0,6067.0,1299.0,415.0,4353.0,2315.0,3738.0,9.0,5.0,5516.0,551.0,2417.0,3241.0,84.0,32.0,22.0,271.0,6268.0,1432.0,478.0,4358.0,2561.0,3700.0,7.0,5707.0,561.0,2545.0,3337.0,84.0,37.0,11.0,254.0,7001.0,1769.0,576.0,4656.0,2803.0,4191.0,7.0,6517.0,484.0,2703.0,3761.0,110.0,62.0,17.0,348.0
VT,1291.0,292.0,144.0,855.0,555.0,728.0,4.0,4.0,1234.0,57.0,1150.0,84.0,8.0,11.0,0.0,38.0,1225.0,306.0,142.0,777.0,561.0,657.0,5.0,2.0,1165.0,60.0,1093.0,79.0,7.0,6.0,2.0,38.0,1117.0,263.0,125.0,729.0,474.0,640.0,3.0,1040.0,77.0,968.0,88.0,6.0,12.0,0.0,43.0,1523.0,356.0,180.0,987.0,668.0,853.0,2.0,1476.0,47.0,1363.0,134.0,3.0,5.0,3.0,15.0
WA,22304.0,3777.0,2327.0,16200.0,8475.0,13346.0,115.0,368.0,19068.0,3236.0,13688.0,4155.0,404.0,917.0,533.0,2607.0,21112.0,4109.0,2296.0,14707.0,8220.0,12631.0,154.0,107.0,18260.0,2852.0,12340.0,4167.0,321.0,1285.0,484.0,2515.0,20827.0,4038.0,1767.0,15022.0,7992.0,12781.0,54.0,17864.0,2963.0,12298.0,4069.0,470.0,1123.0,485.0,2382.0,19419.0,4162.0,1881.0,13376.0,7457.0,11896.0,66.0,16681.0,2738.0,11860.0,4095.0,369.0,871.0,491.0,1733.0
WI,4907.0,1407.0,356.0,3144.0,2178.0,2719.0,8.0,2.0,4550.0,357.0,2728.0,1570.0,37.0,236.0,7.0,329.0,5027.0,1546.0,431.0,3050.0,2267.0,2746.0,12.0,2.0,4635.0,392.0,2753.0,1643.0,69.0,195.0,13.0,354.0,5685.0,1809.0,558.0,3318.0,2592.0,3083.0,10.0,5211.0,474.0,3030.0,2041.0,45.0,204.0,13.0,352.0,6057.0,1987.0,550.0,3520.0,2748.0,3304.0,5.0,5544.0,513.0,3276.0,2153.0,55.0,224.0,44.0,305.0
WV,1243.0,145.0,56.0,1042.0,439.0,802.0,2.0,0.0,1227.0,16.0,978.0,230.0,2.0,4.0,1.0,28.0,1309.0,166.0,87.0,1056.0,462.0,846.0,1.0,0.0,1288.0,21.0,1062.0,214.0,2.0,5.0,3.0,23.0,1387.0,220.0,110.0,1057.0,481.0,906.0,0.0,1369.0,18.0,1112.0,216.0,1.0,6.0,1.0,51.0,1835.0,268.0,171.0,1396.0,626.0,1208.0,1.0,1796.0,39.0,1495.0,289.0,1.0,9.0,3.0,38.0
WY,639.0,124.0,81.0,434.0,254.0,384.0,1.0,0.0,560.0,79.0,500.0,42.0,0.0,51.0,8.0,38.0,873.0,129.0,59.0,685.0,300.0,570.0,3.0,0.0,767.0,106.0,651.0,43.0,2.0,145.0,8.0,24.0,857.0,195.0,61.0,601.0,338.0,518.0,1.0,736.0,121.0,660.0,39.0,2.0,128.0,0.0,28.0,798.0,187.0,59.0,552.0,295.0,503.0,0.0,669.0,129.0,628.0,30.0,0.0,97.0,1.0,42.0
